Year,air_temp,month
2020.0,2.1518817204301075,1
2020.0,0.7887931034482759,2
2020.0,1.8185483870967742,3
2020.0,4.530555555555556,4
2020.0,9.20592193808883,5
2020.0,17.619444444444444,6
2020.0,16.232526881720432,7
2020.0,16.577388963660834,8
2020.0,12.979166666666666,9
2020.0,8.439516129032258,10
2020.0,4.578800557880056,11
2020.0,1.2741935483870968,12
